<metadata xml:lang="en"><Esri><CreaDate>20211114</CreaDate><CreaTime>13303900</CreaTime><ArcGISFormat>1.0</ArcGISFormat><SyncOnce>FALSE</SyncOnce><DataProperties><itemProps><itemName Sync="TRUE">2021Assembly_Final_SB1_Amd2</itemName><imsContentType Sync="TRUE">002</imsContentType><itemLocation><linkage Sync="TRUE">file://\\ntc\Redistricting$\2021Redistricting\FinalPlans\MasterShapefiles\2021Assembly_Final_SB1_Amd2.shp</linkage><protocol Sync="TRUE">Local Area Network</protocol></itemLocation><itemSize Sync="TRUE">0.000</itemSize></itemProps><coordRef><type Sync="TRUE">Geographic</type><geogcsn Sync="TRUE">GCS_North_American_1983</geogcsn><csUnits Sync="TRUE">Angular Unit: Degree (0.017453)</csUnits><peXml Sync="TRUE">&lt;GeographicCoordinateSystem xsi:type='typens:GeographicCoordinateSystem' xmlns:xsi='http://www.w3.org/2001/XMLSchema-instance' xmlns:xs='http://www.w3.org/2001/XMLSchema' xmlns:typens='http://www.esri.com/schemas/ArcGIS/2.9.0'&gt;&lt;WKT&gt;GEOGCS[&amp;quot;GCS_North_American_1983&amp;quot;,DATUM[&amp;quot;D_North_American_1983&amp;quot;,SPHEROID[&amp;quot;GRS_1980&amp;quot;,6378137.0,298.257222101]],PRIMEM[&amp;quot;Greenwich&amp;quot;,0.0],UNIT[&amp;quot;Degree&amp;quot;,0.0174532925199433],AUTHORITY[&amp;quot;EPSG&amp;quot;,4269]]&lt;/WKT&gt;&lt;XOrigin&gt;-400&lt;/XOrigin&gt;&lt;YOrigin&gt;-400&lt;/YOrigin&gt;&lt;XYScale&gt;11258999068426.238&lt;/XYScale&gt;&lt;ZOrigin&gt;-100000&lt;/ZOrigin&gt;&lt;ZScale&gt;10000&lt;/ZScale&gt;&lt;MOrigin&gt;-100000&lt;/MOrigin&gt;&lt;MScale&gt;10000&lt;/MScale&gt;&lt;XYTolerance&gt;8.983152841195215e-09&lt;/XYTolerance&gt;&lt;ZTolerance&gt;0.001&lt;/ZTolerance&gt;&lt;MTolerance&gt;0.001&lt;/MTolerance&gt;&lt;HighPrecision&gt;true&lt;/HighPrecision&gt;&lt;LeftLongitude&gt;-180&lt;/LeftLongitude&gt;&lt;WKID&gt;4269&lt;/WKID&gt;&lt;LatestWKID&gt;4269&lt;/LatestWKID&gt;&lt;/GeographicCoordinateSystem&gt;</peXml></coordRef><lineage><Process ToolSource="c:\program files\arcgis\pro\Resources\ArcToolbox\toolboxes\Conversion Tools.tbx\FeatureClassToFeatureClass" Date="20211114" Time="133047">FeatureClassToFeatureClass tl_2020_32_tabblock20 C:\Users\haley.proehl\AppData\Local\Temp\ArcGISProTemp5900\2a01d6c0-ba88-4284-a31d-0af63b9d82a5\Default.gdb ASM14Nov21_DEM # "STATEFP20 "STATEFP20" true true false 2 Text 0 0,First,#,tl_2020_32_tabblock20,tl_2020_32_tabblock20.STATEFP20,0,2;COUNTYFP20 "COUNTYFP20" true true false 3 Text 0 0,First,#,tl_2020_32_tabblock20,tl_2020_32_tabblock20.COUNTYFP20,0,3;TRACTCE20 "TRACTCE20" true true false 6 Text 0 0,First,#,tl_2020_32_tabblock20,tl_2020_32_tabblock20.TRACTCE20,0,6;BLOCKCE20 "BLOCKCE20" true true false 4 Text 0 0,First,#,tl_2020_32_tabblock20,tl_2020_32_tabblock20.BLOCKCE20,0,4;GEOID20 "GEOID20" true true false 15 Text 0 0,First,#,tl_2020_32_tabblock20,tl_2020_32_tabblock20.GEOID20,0,15;NAME20 "NAME20" true true false 10 Text 0 0,First,#,tl_2020_32_tabblock20,tl_2020_32_tabblock20.NAME20,0,10;MTFCC20 "MTFCC20" true true false 5 Text 0 0,First,#,tl_2020_32_tabblock20,tl_2020_32_tabblock20.MTFCC20,0,5;UR20 "UR20" true true false 1 Text 0 0,First,#,tl_2020_32_tabblock20,tl_2020_32_tabblock20.UR20,0,1;UACE20 "UACE20" true true false 5 Text 0 0,First,#,tl_2020_32_tabblock20,tl_2020_32_tabblock20.UACE20,0,5;UATYPE20 "UATYPE20" true true false 1 Text 0 0,First,#,tl_2020_32_tabblock20,tl_2020_32_tabblock20.UATYPE20,0,1;FUNCSTAT20 "FUNCSTAT20" true true false 1 Text 0 0,First,#,tl_2020_32_tabblock20,tl_2020_32_tabblock20.FUNCSTAT20,0,1;ALAND20 "ALAND20" true true false 14 Double 0 14,First,#,tl_2020_32_tabblock20,tl_2020_32_tabblock20.ALAND20,-1,-1;AWATER20 "AWATER20" true true false 14 Double 0 14,First,#,tl_2020_32_tabblock20,tl_2020_32_tabblock20.AWATER20,-1,-1;INTPTLAT20 "INTPTLAT20" true true false 11 Text 0 0,First,#,tl_2020_32_tabblock20,tl_2020_32_tabblock20.INTPTLAT20,0,11;INTPTLON20 "INTPTLON20" true true false 12 Text 0 0,First,#,tl_2020_32_tabblock20,tl_2020_32_tabblock20.INTPTLON20,0,12;Block "Block" true true false 8 Double 0 0,First,#,tl_2020_32_tabblock20,Sheet1$.Block,-1,-1;DistrictID_AD "DistrictID:AD" true true false 8 Double 0 0,First,#,tl_2020_32_tabblock20,Sheet1$.DistrictID_AD,-1,-1;ObjectID "ObjectID" false true false 4 Long 0 9,First,#,tl_2020_32_tabblock20,Sheet1$.ObjectID,-1,-1" #</Process><Process ToolSource="c:\program files\arcgis\pro\Resources\ArcToolbox\toolboxes\Data Management Tools.tbx\Dissolve" Date="20211114" Time="133124">Dissolve ASM14Nov21_DEM C:\Users\haley.proehl\AppData\Local\Temp\ArcGISProTemp5900\2a01d6c0-ba88-4284-a31d-0af63b9d82a5\Default.gdb\ASM14Nov21_DEM_Dissolve DistrictID_AD # SINGLE_PART DISSOLVE_LINES</Process><Process ToolSource="c:\program files\arcgis\pro\Resources\ArcToolbox\toolboxes\Conversion Tools.tbx\FeatureClassToFeatureClass" Date="20211114" Time="133215">FeatureClassToFeatureClass C:\Users\haley.proehl\AppData\Local\Temp\ArcGISProTemp5900\2a01d6c0-ba88-4284-a31d-0af63b9d82a5\Default.gdb\ASM14Nov21_DEM_Dissolve G:\2021Redistricting\BillDrafts\ASM14Nov21_DEM ASM14Nov21_DEM_shp.shp # "DistrictID_AD "DistrictID:AD" true true false 8 Double 0 0,First,#,C:\Users\haley.proehl\AppData\Local\Temp\ArcGISProTemp5900\2a01d6c0-ba88-4284-a31d-0af63b9d82a5\Default.gdb\ASM14Nov21_DEM_Dissolve,DistrictID_AD,-1,-1;Shape_Length "Shape_Length" false true true 8 Double 0 0,First,#,C:\Users\haley.proehl\AppData\Local\Temp\ArcGISProTemp5900\2a01d6c0-ba88-4284-a31d-0af63b9d82a5\Default.gdb\ASM14Nov21_DEM_Dissolve,Shape_Length,-1,-1;Shape_Area "Shape_Area" false true true 8 Double 0 0,First,#,C:\Users\haley.proehl\AppData\Local\Temp\ArcGISProTemp5900\2a01d6c0-ba88-4284-a31d-0af63b9d82a5\Default.gdb\ASM14Nov21_DEM_Dissolve,Shape_Area,-1,-1" #</Process><Process ToolSource="c:\program files\arcgis\pro\Resources\ArcToolbox\toolboxes\Conversion Tools.tbx\FeatureClassToFeatureClass" Date="20211117" Time="115955">FeatureClassToFeatureClass ASM14Nov21_DEM_shp "G:\2021Redistricting\SB1\SB1 Amendment\SB1vsSB1Amnd_aprx\Default.gdb" _2021Assembly_Final_SB1_Amd2 # "DistrictID "DistrictID" true true false 19 Double 0 0,First,#,ASM14Nov21_DEM_shp,DistrictID,-1,-1;Shape_Leng "Shape_Leng" true true false 19 Double 0 0,First,#,ASM14Nov21_DEM_shp,Shape_Leng,-1,-1;Shape_Area "Shape_Area" true true false 19 Double 0 0,First,#,ASM14Nov21_DEM_shp,Shape_Area,-1,-1" #</Process><Process ToolSource="c:\program files\arcgis\pro\Resources\ArcToolbox\toolboxes\Data Management Tools.tbx\UpdateSchema" Date="20211117" Time="120252">UpdateSchema "CIMDATA=&lt;CIMStandardDataConnection xsi:type='typens:CIMStandardDataConnection' xmlns:xsi='http://www.w3.org/2001/XMLSchema-instance' xmlns:xs='http://www.w3.org/2001/XMLSchema' xmlns:typens='http://www.esri.com/schemas/ArcGIS/2.9.0'&gt;&lt;WorkspaceConnectionString&gt;DATABASE=G:\2021Redistricting\SB1\SB1 Amendment\SB1vsSB1Amnd_aprx\Default.gdb&lt;/WorkspaceConnectionString&gt;&lt;WorkspaceFactory&gt;FileGDB&lt;/WorkspaceFactory&gt;&lt;Dataset&gt;_2021Assembly_Final_SB1_Amd2&lt;/Dataset&gt;&lt;DatasetType&gt;esriDTFeatureClass&lt;/DatasetType&gt;&lt;/CIMStandardDataConnection&gt;" &lt;operationSequence&gt;&lt;workflow&gt;&lt;AddField&gt;&lt;field_name&gt;DISTRICT&lt;/field_name&gt;&lt;field_type&gt;DOUBLE&lt;/field_type&gt;&lt;field_alias&gt;DISTRICT&lt;/field_alias&gt;&lt;field_is_nullable&gt;True&lt;/field_is_nullable&gt;&lt;field_is_required&gt;False&lt;/field_is_required&gt;&lt;/AddField&gt;&lt;/workflow&gt;&lt;workflow&gt;&lt;AddField&gt;&lt;field_name&gt;DIST_NAME&lt;/field_name&gt;&lt;field_type&gt;TEXT&lt;/field_type&gt;&lt;field_length&gt;2&lt;/field_length&gt;&lt;field_alias&gt;DIST_NAME&lt;/field_alias&gt;&lt;field_is_nullable&gt;True&lt;/field_is_nullable&gt;&lt;field_is_required&gt;False&lt;/field_is_required&gt;&lt;/AddField&gt;&lt;/workflow&gt;&lt;workflow&gt;&lt;AddField&gt;&lt;field_name&gt;Area_Sq_Mi&lt;/field_name&gt;&lt;field_type&gt;DOUBLE&lt;/field_type&gt;&lt;field_alias&gt;Area_Sq_Mi&lt;/field_alias&gt;&lt;field_is_nullable&gt;True&lt;/field_is_nullable&gt;&lt;field_is_required&gt;False&lt;/field_is_required&gt;&lt;/AddField&gt;&lt;/workflow&gt;&lt;workflow&gt;&lt;AddField&gt;&lt;field_name&gt;Perim_Mi&lt;/field_name&gt;&lt;field_type&gt;DOUBLE&lt;/field_type&gt;&lt;field_alias&gt;Perim_Mi&lt;/field_alias&gt;&lt;field_is_nullable&gt;True&lt;/field_is_nullable&gt;&lt;field_is_required&gt;False&lt;/field_is_required&gt;&lt;/AddField&gt;&lt;/workflow&gt;&lt;/operationSequence&gt;</Process><Process ToolSource="c:\program files\arcgis\pro\Resources\ArcToolbox\toolboxes\Data Management Tools.tbx\CalculateField" Date="20211117" Time="120303">CalculateField _2021Assembly_Final_SB1_Amd2 DISTRICT !DistrictID! "Python 3" # Text NO_ENFORCE_DOMAINS</Process><Process ToolSource="c:\program files\arcgis\pro\Resources\ArcToolbox\toolboxes\Data Management Tools.tbx\CalculateField" Date="20211117" Time="120309">CalculateField _2021Assembly_Final_SB1_Amd2 DIST_NAME !DistrictID! "Python 3" # Text NO_ENFORCE_DOMAINS</Process><Process ToolSource="c:\program files\arcgis\pro\Resources\ArcToolbox\toolboxes\Data Management Tools.tbx\CalculateGeometryAttributes" Date="20211117" Time="120345">CalculateGeometryAttributes _2021Assembly_Final_SB1_Amd2 "Area_Sq_Mi AREA_GEODESIC;Perim_Mi PERIMETER_LENGTH_GEODESIC" "Miles (United States)" "Square miles (United States)" # "Same as input"</Process><Process ToolSource="c:\program files\arcgis\pro\Resources\ArcToolbox\toolboxes\Conversion Tools.tbx\FeatureClassToFeatureClass" Date="20211117" Time="120449">FeatureClassToFeatureClass "G:\2021Redistricting\SB1\SB1 Amendment\SB1vsSB1Amnd_aprx\Default.gdb\_2021Assembly_Final_SB1_Amd2" R:\2021Redistricting\FinalPlans\MasterShapefiles 2021Assembly_Final_SB1_Amd2.shp # "DISTRICT "DISTRICT" true true false 8 Double 0 0,First,#,G:\2021Redistricting\SB1\SB1 Amendment\SB1vsSB1Amnd_aprx\Default.gdb\_2021Assembly_Final_SB1_Amd2,DISTRICT,-1,-1;DIST_NAME "DIST_NAME" true true false 2 Text 0 0,First,#,G:\2021Redistricting\SB1\SB1 Amendment\SB1vsSB1Amnd_aprx\Default.gdb\_2021Assembly_Final_SB1_Amd2,DIST_NAME,0,2;Area_Sq_Mi "Area_Sq_Mi" true true false 8 Double 0 0,First,#,G:\2021Redistricting\SB1\SB1 Amendment\SB1vsSB1Amnd_aprx\Default.gdb\_2021Assembly_Final_SB1_Amd2,Area_Sq_Mi,-1,-1;Perim_Mi "Perim_Mi" true true false 8 Double 0 0,First,#,G:\2021Redistricting\SB1\SB1 Amendment\SB1vsSB1Amnd_aprx\Default.gdb\_2021Assembly_Final_SB1_Amd2,Perim_Mi,-1,-1;Shape_Length "Shape_Length" false true true 8 Double 0 0,First,#,G:\2021Redistricting\SB1\SB1 Amendment\SB1vsSB1Amnd_aprx\Default.gdb\_2021Assembly_Final_SB1_Amd2,Shape_Length,-1,-1;Shape_Area "Shape_Area" false true true 8 Double 0 0,First,#,G:\2021Redistricting\SB1\SB1 Amendment\SB1vsSB1Amnd_aprx\Default.gdb\_2021Assembly_Final_SB1_Amd2,Shape_Area,-1,-1" #</Process></lineage></DataProperties><SyncDate>20211117</SyncDate><SyncTime>12044900</SyncTime><ModDate>20211117</ModDate><ModTime>12044900</ModTime></Esri><dataIdInfo><envirDesc Sync="TRUE">Microsoft Windows 10 Version 10.0 (Build 19041) ; Esri ArcGIS 12.9.0.32739</envirDesc><dataLang><languageCode value="eng" Sync="TRUE"></languageCode><countryCode value="USA" Sync="TRUE"></countryCode></dataLang><idCitation><resTitle Sync="TRUE">2021Assembly_Final_SB1_Amd2</resTitle><presForm><PresFormCd value="005" Sync="TRUE"></PresFormCd></presForm></idCitation><spatRpType><SpatRepTypCd value="001" Sync="TRUE"></SpatRepTypCd></spatRpType></dataIdInfo><mdLang><languageCode value="eng" Sync="TRUE"></languageCode><countryCode value="USA" Sync="TRUE"></countryCode></mdLang><distInfo><distFormat><formatName Sync="TRUE">Shapefile</formatName></distFormat><distTranOps><transSize Sync="TRUE">0.000</transSize></distTranOps></distInfo><mdHrLv><ScopeCd value="005" Sync="TRUE"></ScopeCd></mdHrLv><mdHrLvName Sync="TRUE">dataset</mdHrLvName><refSysInfo><RefSystem><refSysID><identCode code="4269" Sync="TRUE"></identCode><idCodeSpace Sync="TRUE">EPSG</idCodeSpace><idVersion Sync="TRUE">6.5(3.0.1)</idVersion></refSysID></RefSystem></refSysInfo><spatRepInfo><VectSpatRep><geometObjs Name="2021Assembly_Final_SB1_Amd2"><geoObjTyp><GeoObjTypCd value="002" Sync="TRUE"></GeoObjTypCd></geoObjTyp><geoObjCnt Sync="TRUE">0</geoObjCnt></geometObjs><topLvl><TopoLevCd value="001" Sync="TRUE"></TopoLevCd></topLvl></VectSpatRep></spatRepInfo><spdoinfo><ptvctinf><esriterm Name="2021Assembly_Final_SB1_Amd2"><efeatyp Sync="TRUE">Simple</efeatyp><efeageom code="4" Sync="TRUE"></efeageom><esritopo Sync="TRUE">FALSE</esritopo><efeacnt Sync="TRUE">0</efeacnt><spindex Sync="TRUE">FALSE</spindex><linrefer Sync="TRUE">FALSE</linrefer></esriterm></ptvctinf></spdoinfo><eainfo><detailed Name="2021Assembly_Final_SB1_Amd2"><enttyp><enttypl Sync="TRUE">2021Assembly_Final_SB1_Amd2</enttypl><enttypt Sync="TRUE">Feature Class</enttypt><enttypc Sync="TRUE">0</enttypc></enttyp><attr><attrlabl Sync="TRUE">FID</attrlabl><attalias Sync="TRUE">FID</attalias><attrtype Sync="TRUE">OID</attrtype><attwidth Sync="TRUE">4</attwidth><atprecis Sync="TRUE">0</atprecis><attscale Sync="TRUE">0</attscale><attrdef Sync="TRUE">Internal feature number.</attrdef><attrdefs Sync="TRUE">Esri</attrdefs><attrdomv><udom Sync="TRUE">Sequential unique whole numbers that are automatically generated.</udom></attrdomv></attr><attr><attrlabl Sync="TRUE">Shape</attrlabl><attalias Sync="TRUE">Shape</attalias><attrtype Sync="TRUE">Geometry</attrtype><attwidth Sync="TRUE">0</attwidth><atprecis Sync="TRUE">0</atprecis><attscale Sync="TRUE">0</attscale><attrdef Sync="TRUE">Feature geometry.</attrdef><attrdefs Sync="TRUE">Esri</attrdefs><attrdomv><udom Sync="TRUE">Coordinates defining the features.</udom></attrdomv></attr><attr><attrlabl Sync="TRUE">DISTRICT</attrlabl><attalias Sync="TRUE">DISTRICT</attalias><attrtype Sync="TRUE">Double</attrtype><attwidth Sync="TRUE">19</attwidth><atprecis Sync="TRUE">0</atprecis><attscale Sync="TRUE">0</attscale></attr><attr><attrlabl Sync="TRUE">DIST_NAME</attrlabl><attalias Sync="TRUE">DIST_NAME</attalias><attrtype Sync="TRUE">String</attrtype><attwidth Sync="TRUE">2</attwidth><atprecis Sync="TRUE">0</atprecis><attscale Sync="TRUE">0</attscale></attr><attr><attrlabl Sync="TRUE">Area_Sq_Mi</attrlabl><attalias Sync="TRUE">Area_Sq_Mi</attalias><attrtype Sync="TRUE">Double</attrtype><attwidth Sync="TRUE">19</attwidth><atprecis Sync="TRUE">0</atprecis><attscale Sync="TRUE">0</attscale></attr><attr><attrlabl Sync="TRUE">Perim_Mi</attrlabl><attalias Sync="TRUE">Perim_Mi</attalias><attrtype Sync="TRUE">Double</attrtype><attwidth Sync="TRUE">19</attwidth><atprecis Sync="TRUE">0</atprecis><attscale Sync="TRUE">0</attscale></attr><attr><attrlabl Sync="TRUE">Shape_Leng</attrlabl><attalias Sync="TRUE">Shape_Leng</attalias><attrtype Sync="TRUE">Double</attrtype><attwidth Sync="TRUE">19</attwidth><atprecis Sync="TRUE">0</atprecis><attscale Sync="TRUE">0</attscale></attr><attr><attrlabl Sync="TRUE">Shape_Area</attrlabl><attalias Sync="TRUE">Shape_Area</attalias><attrtype Sync="TRUE">Double</attrtype><attwidth Sync="TRUE">19</attwidth><atprecis Sync="TRUE">0</atprecis><attscale Sync="TRUE">0</attscale><attrdef Sync="TRUE">Area of feature in internal units squared.</attrdef><attrdefs Sync="TRUE">Esri</attrdefs><attrdomv><udom Sync="TRUE">Positive real numbers that are automatically generated.</udom></attrdomv></attr></detailed></eainfo><mdDateSt Sync="TRUE">20211117</mdDateSt></metadata>
